{"cameraMode":{"drawMode":0,"name":"Shaded","section":"Shading Mode"},"sceneLighting":false,"audioPlay":false,"sceneViewState":{"showFog":true,"showMaterialUpdate":false,"showSkybox":false,"showFlares":true,"showImageEffects":true,"showParticleSystems":true},"in2DMode":false,"pivot":{"x":7.751433849334717,"y":0.7578549385070801,"z":13.413538932800293},"rotation":{"x":-0.07881208509206772,"y":-0.009877367876470089,"z":0.0007883697981014848,"w":-0.9968526363372803},"size":5.688694000244141,"orthographic":false}