{"cameraMode":{"drawMode":0,"name":"Shaded","section":"Shading Mode"},"sceneLighting":false,"audioPlay":false,"sceneViewState":{"showFog":true,"showMaterialUpdate":false,"showSkybox":false,"showFlares":true,"showImageEffects":true,"showParticleSystems":true},"in2DMode":false,"pivot":{"x":1.7881393432617188e-7,"y":2.5048890113830568,"z":0.4491548538208008},"rotation":{"x":0.16539663076400758,"y":-0.6800505518913269,"z":0.1616690754890442,"w":0.6957327127456665},"size":11.231383323669434,"orthographic":false}