{"cameraMode":{"drawMode":0,"name":"Shaded","section":"Shading Mode"},"sceneLighting":false,"audioPlay":false,"sceneViewState":{"showFog":true,"showMaterialUpdate":false,"showSkybox":false,"showFlares":true,"showImageEffects":true,"showParticleSystems":true},"in2DMode":false,"pivot":{"x":-0.35611963272094729,"y":1.377608299255371,"z":13.170670509338379},"rotation":{"x":-0.012895847670733929,"y":0.009591670706868172,"z":-0.00010668813047232106,"w":-0.9998832941055298},"size":6.003314018249512,"orthographic":false}